Txhash,Blockno,UnixTimestamp,DateTime,From,To,ContractAddress,Value_IN(ETH),Value_OUT(ETH),CurrentValue @ $0/Eth,TxnFee(ETH),TxnFee(USD),Historical $Price/Eth,Status,ErrCode
0x41f533d4fdf4a0583195ccc02123e1a8e45b8582e68bc28f7e3c4986304b41a9,18394162,1588816628,5/7/2020 1:57,0xf55d6a60f576c6c4b1cd7432e65c06e37e82cac9,0xca53e6b78d3a1ade250d9e222730806a6bff0a99,,0.5,0,0,0.0007455,0,,,
0x10428e8dfeb6434ebe95f9bfab200448a68dee75d93852cf51813b58f0e71544,18491861,1589307600,5/12/2020 18:20,0x4d6bb4ed029b33cf25d0810b029bd8b1a6bcab7b,0xca53e6b78d3a1ade250d9e222730806a6bff0a99,,1,0,0,0.000021,0,,,
0xf33dca3439ecbf8da4beb61102d6857d9669706c1bd511f42d5879c9c4a7a67e,18491937,1589307980,5/12/2020 18:26,0xca53e6b78d3a1ade250d9e222730806a6bff0a99,,0x30666aa643a1c76cf4a4135d0b6e2e50debe97f0,0,0,0,0.000255676,0,,,
0x44fd7bd3a082ce5c6ad0e3db37218f86adf68b00e54343f6bb06d60f88c58259,18491969,1589308140,5/12/2020 18:29,0xca53e6b78d3a1ade250d9e222730806a6bff0a99,0x30666aa643a1c76cf4a4135d0b6e2e50debe97f0,,0,1.1,0,0.000128774,0,,,
0xe159674814ae37a83bc1a24c00ffb3b404181959098be5c4cb33121ad3507ed1,18492006,1589308332,5/12/2020 18:32,0x1d95c08deb99b9a8d2e9cd096bfb724d2caa8200,0xca53e6b78d3a1ade250d9e222730806a6bff0a99,,0.366355867,0,0,0.0003108,0,,,
0x1e5be3fb6541aab21c07e04cf0f2f24ec22f3d131ff2ca442db3767a9e3cb40b,18492013,1589308368,5/12/2020 18:32,0x19af83e41f7b916ccfd4c090fdc7b4abca5c95f0,0xca53e6b78d3a1ade250d9e222730806a6bff0a99,,0.366355867,0,0,0.0003108,0,,,
0x87ae7220672043d01428ead81b654d4e3c13bfeb63c45f2005d68b83fedb682d,18492017,1589308388,5/12/2020 18:33,0xbaa896a3fff165e53fa6f83dc4a62bc4bb1d5254,0xca53e6b78d3a1ade250d9e222730806a6bff0a99,,0.366355867,0,0,0.0003108,0,,,
0x2b01c5f598bae1a2894063a8e72e4b78760c77dabed09ebec3869cea3bce5206,18492073,1589308668,5/12/2020 18:37,0xca53e6b78d3a1ade250d9e222730806a6bff0a99,,0x3a89db3e4ff350c1f488eb3baf55cc6f0d2d5ffa,0,0,0,0.000270328,0,,,
0x2940f7d95adb0c3be9b8dd7e0333a04079b692fc580377981e31a57ddca6ddd0,18492089,1589308748,5/12/2020 18:39,0xca53e6b78d3a1ade250d9e222730806a6bff0a99,0x3a89db3e4ff350c1f488eb3baf55cc6f0d2d5ffa,,0,1.1,0,0.000048003,0,,,
0xa2f1b0441b45dbb8195b5910524f05e46b8d2cde540ade75885257e1055f9457,18492105,1589308828,5/12/2020 18:40,0x1d95c08deb99b9a8d2e9cd096bfb724d2caa8200,0xca53e6b78d3a1ade250d9e222730806a6bff0a99,,0.934706,0,0,0.000294,0,,,
0x4fc3f9e369b4e0d74581f66b14823371404b9cdeb2206c30b2c3eb4c21e42ab8,18492109,1589308848,5/12/2020 18:40,0xbaa896a3fff165e53fa6f83dc4a62bc4bb1d5254,0xca53e6b78d3a1ade250d9e222730806a6bff0a99,,0.164706,0,0,0.000294,0,,,
0x5c4d9a1017d794a1bc00612080547052f58e8bee23807d05e2db0fb8d97677a0,18492153,1589309068,5/12/2020 18:44,0xca53e6b78d3a1ade250d9e222730806a6bff0a99,,0x7a81099e9288c96899473533d4f0251318f1923d,0,0,0,0.00027034,0,,,
0x9944d3eefae35409f0bfca5e3866620438bad9c10c096581d256be3325fec4d4,18492177,1589309188,5/12/2020 18:46,0xca53e6b78d3a1ade250d9e222730806a6bff0a99,0x7a81099e9288c96899473533d4f0251318f1923d,,0,1.1,0,0.000048003,0,,,
0x150c7ef67a8793e38139dbddcd2325ab3bec6730dfafedb4105574efc0d4c7e3,18492197,1589309288,5/12/2020 18:48,0x1d95c08deb99b9a8d2e9cd096bfb724d2caa8200,0xca53e6b78d3a1ade250d9e222730806a6bff0a99,,0.6597291,0,0,0.0002709,0,,,
0xae8ae74ff609166128acf205e7e526149cd5f3a2cb4a4bf3e89a2c134f99f2c0,18492203,1589309316,5/12/2020 18:48,0x19af83e41f7b916ccfd4c090fdc7b4abca5c95f0,0xca53e6b78d3a1ade250d9e222730806a6bff0a99,,0.2747291,0,0,0.0002709,0,,,
0x5374b330ecd7fc6c8c666362d68c35a952ff4bd826a0e1225550e7750a021d7d,18492209,1589309348,5/12/2020 18:49,0xbaa896a3fff165e53fa6f83dc4a62bc4bb1d5254,0xca53e6b78d3a1ade250d9e222730806a6bff0a99,,0.1647291,0,0,0.0002709,0,,,
0xcce8944bcb3fe06804bb5e7b90dc5c3f8a0e30d01d77b7207776bc1db3667f63,18492249,1589309548,5/12/2020 18:52,0xca53e6b78d3a1ade250d9e222730806a6bff0a99,,0xb867e14c3bd4c2dd554e989d7d1e308524073aa0,0,0,0,0.000515971,0,,,
0xdaac5cb3a7e6d7d3eabd1e3f7853dd1773fc2e3a95d489fce4b8032affaccef4,18512121,1589409092,5/13/2020 22:31,0x4d6bb4ed029b33cf25d0810b029bd8b1a6bcab7b,0xca53e6b78d3a1ade250d9e222730806a6bff0a99,,1,0,0,0.000021,0,,,
